Ordering Method,Preprocessing Time (s),Preprocessing Memory (MB),Query Time (s),Path Length,Query Memory (MB)
Online Edge Difference,823.6777245998383,24.45422649383545,0.0015995502471923828,463.12375291041946,15.36641788482666
Offline Edge Difference,0.21902132034301758,16.87276268005371,0.0014717578887939453,484.27639323221445,16.2506160736084
Online Shortcuts Added,840.0786831378937,24.58321762084961,0.0014426708221435547,463.12375291041946,10.571934700012207
Offline Shortcuts Added,0.21469402313232422,12.330708503723145,0.0013256072998046875,484.27639323221445,11.75517749786377
Online Edges Removed,844.4542775154114,24.613142013549805,0.0011436939239501953,467.27169811034264,10.040590286254883
Offline Edges Removed,0.21404099464416504,11.524383544921875,0.0016350746154785156,468.0808665873056,10.936599731445312
